Cliente_ID,Inquérito_ID,Pontuação,Comentário,Data do Inquérito
164,1,2,Voluptas ea repudiandae iure culpa iure.,2021-02-02 17:33:21
880,2,1,Nemo ipsam nesciunt laudantium libero.,2020-01-20 21:46:49
446,3,2,Non corporis eveniet aut voluptatum quidem.,2022-10-27 04:48:36
254,4,3,Molestias rerum libero debitis.,2015-09-20 21:15:27
966,5,1,Esse dolorum nam quisquam tempore voluptates sunt.,2016-12-30 01:30:07
608,6,1,Sed ut a.,2022-06-25 05:33:49
278,7,4,Voluptate ipsam eum repellendus natus tenetur.,2023-09-10 13:02:09
86,8,4,Occaecati cupiditate architecto veritatis voluptate eos iste odio.,2023-02-09 07:03:58
69,9,3,Sunt praesentium a perferendis laborum qui suscipit.,2024-12-13 22:46:10
232,10,5,Fugit non possimus nam occaecati voluptates nesciunt rerum.,2023-03-01 18:24:02
556,11,5,Esse quod dignissimos hic eveniet id.,2020-06-22 04:18:07
679,12,5,Optio sapiente perferendis blanditiis deleniti omnis porro.,2020-04-26 05:06:06
260,13,1,Provident est accusantium iure nulla minima voluptatum nemo.,2019-04-01 18:05:46
940,14,1,Saepe sint recusandae eveniet beatae.,2022-04-28 11:30:27
347,15,5,Temporibus molestiae officiis vitae.,2018-04-28 03:53:47
730,16,5,Nulla similique nam nam hic similique minus.,2020-09-13 11:43:57
699,17,1,Veritatis molestiae tenetur.,2014-01-01 23:12:35
666,18,5,Maiores tempora porro blanditiis quia.,2015-09-12 11:30:58
117,19,1,Ad sequi nam praesentium similique provident.,2024-06-26 19:28:10
142,20,5,Veniam labore at inventore quibusdam ea.,2017-06-22 19:46:57
629,21,4,Odit in repudiandae placeat deserunt repellat.,2023-04-25 08:58:55
22,22,3,Accusantium et aliquid vitae.,2024-12-24 17:07:41
989,23,2,Odio omnis numquam quod eveniet delectus.,2023-10-01 03:45:10
237,24,1,Vel corrupti culpa nulla consequuntur.,2014-05-27 23:19:42
581,25,2,Consectetur nostrum architecto asperiores quis at nihil repellendus.,2023-03-15 15:31:39
222,26,2,Nam molestiae quod aliquam officiis.,2017-11-28 16:14:35
448,27,3,Sequi cumque tempora ut rerum nobis.,2022-03-11 22:35:29
612,28,3,Exercitationem omnis vero.,2023-11-30 16:31:13
990,29,1,Quos autem dignissimos ipsa ipsum rem.,2014-09-13 09:29:54
81,30,1,Facilis facere nesciunt officiis quisquam rerum.,2024-09-27 20:35:31
414,31,2,Quae corrupti fugiat doloribus.,2023-02-28 16:29:41
654,32,2,Quia id qui facere.,2017-07-19 11:34:10
394,33,1,Odio eos nisi eveniet praesentium architecto nam ipsam.,2014-12-14 08:21:07
596,34,1,Nesciunt esse debitis ipsum accusamus ex.,2022-05-12 11:12:00
744,35,2,Error eaque cupiditate libero voluptatem.,2022-08-19 02:51:46
37,36,3,Dicta dolor dignissimos modi odio.,2015-12-10 20:43:19
802,37,5,Fugit cumque delectus nihil.,2018-03-31 15:12:55
803,38,4,Suscipit tempora optio soluta autem exercitationem.,2023-08-18 10:43:50
948,39,2,Animi corporis enim odio laborum soluta illum error.,2016-01-24 06:21:55
710,40,2,Ducimus consectetur modi autem esse quos.,2017-08-14 04:05:16
213,41,4,Sequi pariatur consequuntur facilis dolorem.,2020-11-11 01:06:54
696,42,4,Voluptate nisi ullam necessitatibus.,2016-05-02 16:02:30
584,43,2,Eos saepe ratione rerum ab.,2018-12-08 06:38:31
91,44,5,Maxime enim ipsa dignissimos quasi tenetur earum.,2014-09-01 20:29:39
704,45,3,Recusandae dolor omnis placeat.,2021-07-10 00:10:39
671,46,3,Quam officia cupiditate perferendis officia.,2014-09-16 16:08:08
803,47,4,Culpa laborum mollitia beatae aliquam id laborum.,2016-02-14 14:51:12
423,48,3,Facere assumenda sit omnis quae.,2015-03-03 08:01:22
662,49,5,Sit quos repudiandae et aut provident velit.,2019-01-11 23:40:32
296,50,4,Aut similique minus tempora libero at aspernatur.,2019-02-12 04:59:04
683,51,2,Veniam debitis explicabo voluptate tenetur.,2024-12-22 03:39:56
161,52,2,Odio suscipit animi quisquam corporis dignissimos quidem.,2015-12-15 11:17:02
595,53,1,Quaerat eius cumque accusantium.,2020-09-14 05:16:16
902,54,3,Facere minus ut adipisci.,2024-12-30 10:49:21
876,55,1,Perspiciatis officia hic repudiandae sed nostrum odio.,2022-08-09 23:30:41
787,56,1,Occaecati eaque fuga ullam quis cum.,2023-05-04 12:45:38
691,57,3,Tempore quaerat perferendis quia hic nostrum occaecati.,2024-10-16 19:47:06
914,58,4,Sint pariatur dicta corporis dolore earum.,2021-01-10 20:19:59
981,59,2,Amet distinctio sed facere.,2023-05-19 20:22:10
9,60,2,Alias inventore ab quia aliquam placeat.,2023-10-23 13:02:54
468,61,4,Numquam molestias odio facere iure.,2023-08-08 08:33:14
582,62,5,Dolores impedit sit voluptates.,2015-02-13 03:30:56
690,63,3,Similique neque voluptates consequuntur delectus quasi esse architecto.,2017-12-04 08:01:24
947,64,5,Quae magnam similique ducimus labore.,2020-08-23 07:27:31
300,65,2,Expedita animi officia quibusdam.,2017-01-04 11:34:46
656,66,3,Nihil unde est placeat veniam.,2017-08-10 12:18:36
908,67,1,Error illo repellat voluptates ab reiciendis.,2024-05-27 04:44:01
902,68,3,Inventore explicabo fuga ea.,2020-08-02 13:17:10
936,69,1,Aspernatur ducimus eaque nostrum error non officia.,2022-08-11 16:56:33
868,70,1,Ducimus cum dolorem nobis nulla adipisci aliquam sapiente.,2020-07-30 02:20:56
269,71,2,Incidunt beatae aliquam vel.,2020-08-30 20:50:36
269,72,3,Quis maxime quos voluptates.,2017-11-08 05:58:12
410,73,2,Nostrum omnis temporibus nihil sequi ipsa.,2019-08-13 14:30:49
875,74,5,Repellat dolore culpa molestias.,2024-07-28 01:24:26
310,75,1,Est earum modi.,2024-03-09 11:58:59
510,76,1,Aut doloremque debitis rerum est.,2023-04-19 22:38:25
632,77,4,Hic dolorem nisi ut veniam impedit.,2016-05-09 02:00:37
2,78,5,Quae sunt laudantium doloremque.,2018-07-23 00:45:07
221,79,2,Perferendis eum quia facilis sit magni.,2016-02-18 15:57:30
801,80,2,Voluptatem quo molestias.,2019-07-21 09:28:58
16,81,4,Iure occaecati aperiam itaque explicabo adipisci.,2016-09-18 10:33:30
727,82,4,Sint fuga unde pariatur.,2015-10-23 08:05:51
582,83,1,Dignissimos omnis beatae quidem.,2020-06-05 09:15:13
163,84,2,Consequuntur atque delectus placeat esse.,2024-03-04 18:40:27
831,85,2,Odit ab totam quam.,2021-09-01 12:45:51
356,86,4,Minima dignissimos et quia.,2019-06-05 05:51:29
554,87,3,Ullam commodi deserunt accusantium enim consequuntur saepe.,2023-08-24 23:09:58
134,88,4,Pariatur impedit a sapiente hic accusamus.,2023-04-04 01:02:31
148,89,5,Dignissimos nulla perferendis sunt ut suscipit maxime.,2024-06-26 03:00:44
748,90,5,Necessitatibus officiis ut perferendis consequatur.,2021-11-23 19:02:24
548,91,3,Quaerat minima praesentium in illo animi.,2019-09-11 20:25:10
301,92,4,Iusto quisquam eligendi mollitia eveniet ea laudantium.,2018-06-22 20:57:40
364,93,2,Voluptate quod impedit eaque labore.,2018-11-01 20:55:17
936,94,1,Impedit officia reiciendis necessitatibus velit itaque quasi.,2024-09-22 01:37:49
898,95,4,Doloribus dolorum iure alias commodi.,2020-05-12 19:07:28
440,96,5,Dolorum maiores aspernatur debitis dignissimos nam.,2015-06-18 16:12:07
555,97,5,Autem odit eos omnis corporis tempora.,2014-10-20 11:26:45
774,98,2,Enim tempore tempora aut ab dolore.,2023-10-28 22:58:15
696,99,5,Rerum consectetur quos in odit facere.,2024-02-21 23:40:37
663,100,4,Qui necessitatibus provident libero facilis.,2022-07-10 20:01:04
679,101,3,Quidem adipisci impedit maiores perferendis.,2018-10-16 21:42:56
963,102,1,Vero architecto vero.,2020-01-15 23:42:29
638,103,1,Impedit optio nemo atque doloremque.,2014-09-18 07:31:09
777,104,2,Itaque quis architecto blanditiis delectus qui dolores nemo.,2020-08-16 01:17:30
579,105,3,Id laboriosam voluptas eligendi labore amet adipisci ab.,2015-05-09 11:23:32
320,106,4,Porro odit impedit dignissimos cumque sint molestias.,2022-05-30 18:32:28
746,107,3,Nemo fuga modi laudantium similique laudantium.,2022-07-08 16:20:45
74,108,1,Atque esse porro quia aperiam.,2022-07-11 21:07:49
777,109,1,Iure esse excepturi impedit tempore ullam.,2021-03-10 16:21:05
547,110,1,Molestias hic sit libero libero quo fuga.,2023-03-24 22:14:13
334,111,4,Aliquam soluta corporis eum quam ipsa amet.,2017-05-05 04:05:11
367,112,3,Tempora repellat rerum architecto porro iure.,2023-08-13 00:23:59
74,113,2,Officiis architecto necessitatibus aut sapiente consequuntur nam.,2016-10-16 20:00:22
43,114,2,Soluta consectetur itaque adipisci quibusdam quidem.,2023-07-24 13:09:23
959,115,4,Unde odit tenetur nobis nihil consectetur.,2019-12-21 05:12:03
768,116,2,Incidunt et impedit.,2021-11-29 02:29:15
114,117,5,Minima saepe perspiciatis veniam excepturi officia.,2015-05-06 12:12:30
476,118,1,Explicabo delectus minima nemo consequatur iure iure cum.,2021-10-31 14:12:34
725,119,2,Expedita accusantium voluptates nihil quod exercitationem.,2024-09-05 17:51:04
460,120,3,Similique vel repellat.,2017-09-29 04:41:01
791,121,3,Facilis perspiciatis dolor dolores.,2017-01-27 02:03:47
775,122,5,Non pariatur earum saepe nihil qui.,2016-05-12 16:37:32
842,123,2,Minima fugiat corrupti tempora.,2015-06-04 20:57:51
717,124,1,Sit placeat quo dolorem ipsa ducimus ad.,2014-07-27 16:19:40
149,125,3,Repudiandae ab sit expedita eaque alias.,2018-12-16 20:44:28
441,126,5,Voluptatem adipisci cumque eligendi.,2020-05-02 17:49:04
663,127,3,Cupiditate cupiditate accusantium nostrum eos ea repellat quasi.,2014-09-11 20:00:13
417,128,5,Provident tempora molestias odit ut.,2024-04-08 18:49:13
717,129,5,Delectus magnam odit officiis.,2019-10-26 03:34:34
103,130,1,Blanditiis vel itaque dolorem fuga dicta.,2018-05-25 00:38:44
536,131,1,Occaecati repellat laudantium.,2016-01-25 08:06:35
86,132,5,Libero dolor assumenda explicabo corporis pariatur.,2020-04-11 01:10:42
718,133,2,Vero iste earum distinctio.,2018-02-06 13:27:36
371,134,1,Excepturi reprehenderit iusto maxime dignissimos.,2020-06-05 09:17:19
362,135,1,A eius minima praesentium ea dolores quod.,2019-03-02 06:50:23
978,136,4,Amet eius eligendi quam architecto.,2022-11-21 01:18:04
270,137,3,Earum deserunt esse debitis sunt.,2017-07-03 11:21:59
91,138,3,Dolorum impedit mollitia rerum molestiae perferendis.,2017-08-09 13:41:56
733,139,1,Commodi suscipit ullam ullam.,2014-05-17 23:01:45
890,140,3,Non ad beatae ex.,2019-04-18 17:52:17
232,141,4,Recusandae ex placeat atque vitae corrupti distinctio neque.,2018-04-03 04:57:25
668,142,5,Illo in culpa vel quisquam.,2020-04-23 05:10:37
616,143,5,Ratione maxime tempore inventore numquam saepe quisquam.,2023-09-01 02:39:47
548,144,4,Accusantium soluta voluptas id illo.,2014-03-05 02:15:33
270,145,5,Necessitatibus laudantium non impedit eos.,2024-05-11 16:36:08
89,146,1,Possimus quae error iusto expedita nesciunt ab.,2020-11-19 20:56:48
903,147,2,Deserunt explicabo quam dolorum laudantium cupiditate.,2021-01-30 01:42:45
725,148,1,Accusamus ullam necessitatibus ab ea sequi quis.,2015-03-14 02:42:39
322,149,2,Eius atque veritatis totam.,2020-05-02 16:07:27
69,150,2,Minima fugit pariatur aliquid architecto omnis.,2017-01-11 10:48:23
711,151,5,Rerum rerum placeat.,2023-01-09 17:59:19
873,152,2,Sequi minus voluptatem impedit.,2021-04-14 16:57:35
775,153,5,Accusantium facilis alias asperiores consequuntur animi praesentium doloremque.,2023-07-14 16:20:13
175,154,1,Alias vel mollitia itaque dolores.,2014-12-17 06:42:44
273,155,5,Perspiciatis iste dolorum dicta neque.,2024-08-01 14:37:59
156,156,5,Odit tempore dolorem numquam voluptatem.,2015-08-19 17:59:18
998,157,4,Quae cumque necessitatibus magnam.,2016-08-20 22:08:20
718,158,5,Reiciendis eveniet laudantium cum.,2020-10-19 04:09:35
860,159,5,Natus dolor asperiores aut dolorum deleniti.,2015-03-26 10:36:30
261,160,3,Illum facilis illo atque rerum facere.,2016-03-14 03:23:33
170,161,2,Labore ab consequuntur dicta cum minima optio.,2016-12-31 21:55:43
324,162,2,Mollitia reprehenderit illo tempora.,2023-11-03 09:50:43
798,163,1,Iste reprehenderit facilis magni quae velit.,2022-05-06 14:23:35
147,164,4,Suscipit asperiores nulla praesentium sapiente amet vero.,2020-11-01 02:39:48
87,165,4,Impedit quae necessitatibus fugiat culpa asperiores possimus.,2022-09-02 14:38:43
730,166,1,Ad ad exercitationem architecto.,2024-01-03 02:39:30
397,167,4,Eaque rerum natus placeat eum doloribus ex.,2018-01-15 22:16:18
7,168,1,Nostrum rerum deserunt eaque expedita.,2019-08-28 22:04:42
211,169,4,Consequatur autem ipsum consequuntur dolor corrupti.,2023-05-30 00:57:45
305,170,3,Dolorem veniam vel sequi cum enim.,2022-02-19 04:06:34
199,171,1,Voluptatem labore qui odio ipsa.,2021-08-04 13:07:21
62,172,4,Beatae qui id esse velit exercitationem.,2023-04-09 08:45:50
249,173,4,Cupiditate hic tempora perspiciatis deleniti.,2016-09-24 03:37:05
464,174,1,Tenetur alias quis quae quae.,2018-11-24 15:30:59
158,175,3,Ea aspernatur neque ut.,2018-09-01 22:00:40
997,176,2,Illum repudiandae earum magnam distinctio soluta similique.,2014-02-16 01:55:49
306,177,4,Modi temporibus aliquam odit.,2016-06-26 13:00:43
94,178,3,Consequatur rerum fugiat nam ea officiis rerum.,2019-09-02 10:21:45
940,179,4,Aliquam cum tempore alias rem assumenda.,2022-07-28 02:19:22
827,180,1,Doloribus expedita sed amet occaecati iure cum.,2016-08-13 08:21:47
686,181,2,Laborum soluta doloremque ut dolor.,2015-11-18 08:50:01
949,182,3,Placeat esse ducimus sit dolore.,2022-06-11 03:01:00
841,183,4,Accusamus nostrum tempora nobis.,2018-02-04 21:24:56
129,184,3,Voluptas beatae natus officiis veniam molestias excepturi similique.,2021-09-12 03:45:23
911,185,5,Quos voluptatum ut consectetur beatae illum iure unde.,2014-04-27 01:55:29
489,186,2,Fugiat veritatis iure nemo amet omnis.,2023-09-07 14:46:30
96,187,2,Quisquam voluptatum minima rerum.,2014-02-25 11:40:35
660,188,1,Commodi consequatur harum dolores natus quos cupiditate deserunt.,2014-08-10 17:56:58
295,189,2,Corporis enim eos esse minus.,2018-03-05 02:23:51
843,190,3,Quia repellendus aliquam blanditiis ipsa voluptas.,2015-11-05 13:38:13
699,191,2,Vitae illo aliquam nulla quaerat numquam ut nisi.,2020-07-12 11:08:33
703,192,2,Exercitationem cumque praesentium harum consequatur quaerat.,2014-02-11 03:55:58
568,193,4,Assumenda dolore aliquid enim minus tempore.,2014-04-28 04:49:44
346,194,2,Nobis neque quia autem.,2014-06-12 21:29:00
694,195,2,Eligendi deserunt eaque sequi deleniti.,2020-12-06 21:37:44
510,196,2,Blanditiis quo doloribus.,2016-09-05 04:44:25
673,197,3,Quaerat perferendis ducimus nam voluptatem.,2016-04-30 03:47:12
412,198,4,Voluptas natus repellat eaque fugiat labore.,2015-07-29 14:55:25
345,199,2,Totam enim animi accusantium.,2018-12-07 01:03:37
410,200,4,Unde eos dignissimos nisi.,2015-12-27 13:03:01
832,201,2,Iure exercitationem nam distinctio eligendi.,2023-12-03 01:54:38
899,202,2,Quos deleniti aspernatur beatae earum voluptates necessitatibus.,2023-09-24 05:21:59
680,203,2,Harum animi ipsum itaque repellendus.,2020-08-15 12:23:35
726,204,2,Magnam quam maiores facilis.,2014-11-17 00:28:30
58,205,3,Alias quam error aliquam tempora nulla pariatur.,2023-10-12 15:27:02
83,206,5,Assumenda alias tenetur dolores mollitia.,2014-03-30 13:26:04
413,207,2,Eaque occaecati dicta nesciunt officiis in quae.,2015-09-13 10:26:14
672,208,2,Similique beatae temporibus laudantium cumque.,2018-05-02 12:24:21
603,209,5,Asperiores occaecati ullam ut non quaerat.,2023-06-12 20:15:27
267,210,1,Enim pariatur fugiat atque reiciendis aliquam.,2018-08-28 04:37:56
55,211,2,Nobis repudiandae nulla molestias.,2022-10-17 23:42:41
97,212,3,Adipisci temporibus aspernatur recusandae iste incidunt debitis.,2022-11-22 12:03:53
59,213,5,Asperiores commodi reprehenderit quibusdam dolorem ipsam nobis.,2021-10-03 08:31:55
487,214,3,Libero suscipit nihil.,2024-03-31 14:26:26
884,215,2,Exercitationem totam sapiente maiores dolorum asperiores necessitatibus.,2017-07-12 05:13:43
228,216,3,Ipsam tempore ullam accusantium quae.,2024-11-07 11:21:17
269,217,5,Et rerum repellendus iure.,2014-09-13 17:50:23
666,218,4,Fugiat labore alias dolore quisquam culpa laborum dicta.,2017-04-15 20:27:19
890,219,3,Ducimus similique tempore doloribus libero labore.,2022-04-13 20:03:55
838,220,1,Quae possimus natus earum voluptates officia ipsum.,2021-01-04 00:49:06
660,221,4,Necessitatibus iusto quos totam quas harum repellendus illo.,2014-06-06 19:50:33
604,222,2,Magnam temporibus quas repellat eveniet fugiat id.,2015-08-22 22:02:29
296,223,3,Modi itaque quos harum eum possimus minus.,2024-05-03 14:25:11
29,224,5,Necessitatibus aspernatur optio odio.,2020-07-22 06:43:59
775,225,2,Harum odio asperiores quibusdam odit.,2018-10-27 22:59:12
174,226,1,Dolor totam vitae voluptatum.,2022-08-10 22:11:34
851,227,5,Libero sequi nulla veritatis voluptatem temporibus perferendis.,2024-11-08 22:08:59
744,228,4,Amet cum molestias laborum animi.,2016-05-12 03:51:53
672,229,5,Minima praesentium architecto incidunt.,2022-07-07 20:31:34
372,230,5,Tempora hic laudantium.,2022-01-04 09:08:08
298,231,2,Laborum libero odio nemo laudantium nemo quisquam occaecati.,2022-01-16 14:48:41
443,232,1,Illum minus quos nulla pariatur ipsa distinctio.,2015-06-24 11:48:51
559,233,5,Mollitia nisi non amet ipsa facere harum.,2017-08-11 01:21:22
90,234,3,Delectus harum debitis incidunt iure.,2020-02-24 12:37:43
630,235,2,Quos maxime illum modi.,2015-08-13 22:48:02
29,236,5,Rerum repellat omnis architecto.,2017-07-05 04:27:10
863,237,4,Perspiciatis dolor iure in vitae perferendis assumenda.,2018-04-02 17:26:26
442,238,2,Distinctio reprehenderit architecto minima blanditiis ipsum eligendi alias.,2021-04-27 09:19:52
985,239,2,Odit quisquam delectus tempore voluptas dolor doloremque.,2024-02-12 21:04:14
298,240,5,Est error cum exercitationem culpa libero cum.,2023-11-29 13:29:02
266,241,2,Inventore vero ducimus iste facilis at reiciendis debitis.,2017-03-29 01:54:49
64,242,3,Distinctio in consequatur maiores quasi maxime cumque.,2016-01-31 15:11:58
703,243,3,Eaque in aliquam blanditiis.,2024-12-28 13:51:27
471,244,3,Quae sint repellat.,2019-01-18 05:51:09
640,245,5,Mollitia sapiente quisquam alias saepe minima.,2023-01-24 13:04:30
15,246,5,Omnis ex quos veniam sunt.,2015-05-19 04:35:31
741,247,3,At error aperiam id minus laboriosam.,2021-10-27 19:53:22
884,248,5,Provident quod tenetur adipisci.,2022-08-14 17:50:52
129,249,5,Fuga nulla non eaque.,2019-04-17 22:47:15
802,250,5,Nisi eaque laudantium fugiat blanditiis quas.,2018-08-09 17:07:54
710,251,4,Et reiciendis fugit quidem.,2019-04-11 13:03:05
944,252,2,Ipsum cumque magnam non.,2021-04-13 08:03:52
783,253,4,Odit cum aliquam laudantium dicta aperiam facere quibusdam.,2020-04-27 09:28:35
792,254,3,Vero ratione ducimus cumque.,2020-12-20 03:32:37
746,255,2,Maxime vel in perspiciatis nulla.,2016-10-29 00:55:58
123,256,2,Quia molestiae sit quibusdam.,2018-07-26 12:45:20
513,257,2,Aperiam blanditiis et praesentium suscipit aut.,2024-01-21 15:14:46
534,258,3,Ipsam quasi repudiandae quaerat.,2023-07-11 05:37:43
222,259,1,Nesciunt sed amet qui.,2014-12-05 22:59:56
79,260,4,Fuga iste ad tenetur beatae.,2014-08-17 19:39:09
437,261,1,Laboriosam dolorem autem.,2015-01-13 01:18:39
905,262,5,Repudiandae ipsum quas quidem incidunt.,2015-12-15 05:26:43
638,263,4,Occaecati enim temporibus dolor atque.,2014-08-02 04:10:52
2,264,2,Architecto sint autem.,2023-09-25 19:08:28
515,265,4,Dolorum maxime natus totam natus.,2019-05-01 09:52:20
813,266,1,Praesentium perspiciatis dignissimos maxime eos quisquam.,2014-01-05 01:58:50
238,267,1,Ducimus nobis adipisci dicta labore exercitationem.,2014-12-05 15:02:34
975,268,5,Debitis in mollitia corrupti quasi beatae libero beatae.,2022-12-22 14:38:22
537,269,5,Tempora consectetur aut voluptas alias.,2017-05-17 21:19:52
863,270,1,Optio officiis quos magni ad libero consectetur.,2014-06-18 22:33:59
743,271,1,Eum sunt commodi iure ipsam.,2014-02-16 19:13:06
489,272,3,Consequatur esse ipsum sed dolores non sit.,2018-11-09 13:00:30
901,273,5,Pariatur sapiente molestias.,2022-06-25 04:53:07
865,274,1,Tempora illo delectus id aut odio.,2019-12-31 22:34:10
970,275,5,Neque quod reprehenderit ad veniam autem voluptas.,2021-10-14 11:52:16
796,276,3,Perspiciatis explicabo commodi blanditiis minus.,2024-01-13 06:52:46
116,277,4,Vitae facilis distinctio ad quisquam aut fuga vero.,2019-05-29 07:44:54
752,278,3,Quos impedit mollitia fugiat culpa.,2022-11-13 02:07:33
152,279,4,Accusantium cumque ex.,2024-06-20 16:35:08
257,280,2,Incidunt voluptas eius ad quibusdam praesentium non.,2014-09-11 17:50:53
898,281,2,Quis sequi accusamus quam dolorem quam.,2014-10-04 06:41:54
287,282,2,Doloribus consequatur dolore amet alias minus cupiditate.,2016-04-09 18:05:18
980,283,1,Nesciunt placeat minima ipsum.,2024-01-07 20:25:30
269,284,3,Neque quasi perferendis id.,2024-12-10 16:05:38
790,285,1,Dolore soluta recusandae recusandae aut itaque.,2015-05-19 09:00:04
443,286,3,Tenetur quod animi harum voluptatibus et.,2024-07-22 01:07:53
670,287,4,Amet officia nihil maxime rem vero.,2018-03-31 11:33:33
746,288,5,Eos dignissimos ad corrupti nostrum repudiandae.,2016-06-27 01:39:43
985,289,5,Quidem tempora facere cumque magnam.,2016-05-20 04:03:29
756,290,3,Dolorem quam quaerat laborum omnis cupiditate reiciendis.,2018-08-11 19:08:13
420,291,5,Quo unde modi magnam assumenda repellendus accusantium.,2014-02-19 03:47:52
634,292,3,Quia architecto deleniti.,2024-02-19 00:00:11
877,293,4,Fuga nulla saepe.,2022-09-18 16:46:23
147,294,3,Molestiae est omnis exercitationem.,2016-03-05 11:01:28
71,295,5,Laborum molestias voluptatem debitis distinctio veniam recusandae similique.,2014-03-01 23:05:56
763,296,3,Atque amet id corrupti nisi commodi.,2023-06-12 05:02:24
246,297,2,Quo omnis porro adipisci.,2024-01-29 11:42:40
766,298,3,Fuga itaque voluptate.,2020-07-13 08:36:37
792,299,4,Cum dolore accusamus molestias totam.,2017-07-06 02:34:06
591,300,1,Enim eius sapiente quo exercitationem nam.,2019-12-27 05:26:34
154,301,1,Praesentium quod architecto consectetur saepe.,2019-11-15 15:32:34
674,302,4,Rem maxime adipisci corporis aliquam sapiente.,2021-08-05 02:42:03
952,303,1,Numquam a voluptate occaecati provident.,2014-12-26 08:33:56
374,304,4,Fuga repellat amet eius a.,2020-06-14 00:59:56
814,305,2,Atque amet ea quas.,2020-04-02 04:27:48
202,306,4,Maiores illo impedit sint.,2020-12-26 15:53:21
349,307,2,Laudantium vitae consequatur aperiam laboriosam.,2019-07-10 05:44:10
234,308,4,Hic debitis iste.,2022-01-16 07:15:56
134,309,2,Ducimus eligendi voluptatibus officiis.,2022-04-13 04:16:53
82,310,1,Facilis repellat ex aut.,2020-10-28 03:56:58
850,311,4,Optio itaque cum numquam voluptatum.,2022-01-01 21:01:56
827,312,2,Dolorum dolor quidem.,2019-05-24 20:38:16
785,313,1,Expedita sapiente assumenda rerum hic alias.,2016-05-17 02:13:37
371,314,3,Laborum similique sapiente architecto soluta nisi necessitatibus blanditiis.,2023-09-06 01:22:55
752,315,2,Iste quas magni.,2020-09-15 00:15:10
45,316,3,Vel soluta cumque inventore quam debitis dignissimos minima.,2023-08-04 16:54:47
423,317,3,In provident exercitationem nobis.,2022-07-01 02:51:29
413,318,5,Impedit tempore adipisci.,2018-10-12 10:36:12
293,319,2,Magni alias eius hic.,2024-02-06 08:31:06
614,320,5,Quam alias nesciunt ea reiciendis quidem voluptatum quisquam.,2021-02-10 04:03:08
680,321,4,Quo quis officia error corrupti.,2023-11-28 18:31:59
620,322,4,Totam aut eaque voluptas suscipit doloremque optio neque.,2018-05-26 00:59:18
880,323,2,Iure harum iste consequuntur molestiae aspernatur odio.,2021-08-14 09:08:14
142,324,5,Aperiam dolor quos ducimus quisquam.,2019-09-10 05:48:21
589,325,4,Ipsa quaerat iste illum vel.,2014-06-25 06:57:50
941,326,5,Nobis fuga explicabo non vero inventore ipsum molestiae.,2021-01-29 18:26:02
152,327,3,Totam mollitia tenetur corporis.,2023-04-27 02:12:25
776,328,4,Qui repellendus aut inventore dolorem.,2014-04-21 09:17:01
749,329,2,Eaque temporibus et asperiores explicabo eius ea.,2015-07-16 13:25:15
671,330,1,Natus velit labore magnam repellendus rerum voluptatum.,2024-04-17 04:24:13
192,331,2,Ab quidem sapiente corporis asperiores sapiente exercitationem.,2017-02-24 15:57:46
494,332,3,Facilis quod quas quod vero ab.,2016-06-05 18:33:44
554,333,2,Ipsam deserunt eaque rem voluptate voluptate quia.,2021-09-16 22:46:14
237,334,2,Nihil doloremque quae nulla dolores.,2019-09-11 16:55:24
324,335,2,Ipsum quo aspernatur labore.,2024-01-09 19:22:01
33,336,4,Tenetur quo porro quo corrupti.,2022-02-21 00:57:49
147,337,4,Ab error quisquam totam quibusdam error eum.,2017-03-27 04:41:15
918,338,3,Quo fugiat distinctio ipsam et dignissimos dolorum.,2021-02-02 12:00:55
476,339,5,Fugit voluptatem quam repudiandae reprehenderit minus.,2018-01-14 14:24:49
367,340,4,Ipsum sapiente quaerat ea at voluptatum in.,2019-07-30 15:22:08
160,341,4,Voluptas dignissimos perferendis eaque reprehenderit.,2017-01-15 15:49:40
735,342,5,Assumenda ratione eaque totam blanditiis quo.,2017-04-15 12:21:28
961,343,5,Quibusdam consequatur eaque dignissimos veniam sunt.,2020-10-17 17:27:24
495,344,3,Repudiandae deleniti quae labore culpa alias ea dolorum.,2018-05-25 17:47:26
61,345,3,Mollitia aspernatur qui excepturi eaque aut.,2017-07-17 10:23:55
230,346,2,Magnam id quae vel quidem ab laborum modi.,2019-08-28 07:52:56
899,347,1,Quis deleniti fugiat earum nam.,2020-01-16 01:28:40
598,348,3,Ducimus consequatur deleniti error voluptates facilis.,2023-10-23 20:54:35
814,349,5,Pariatur nostrum repellendus neque voluptatem corrupti recusandae voluptate.,2023-02-24 06:57:52
639,350,3,Optio nobis consectetur pariatur provident.,2020-12-26 22:47:12
744,351,4,Repellat adipisci in quo fuga perspiciatis.,2024-04-24 06:10:39
254,352,2,Quod porro dicta voluptatum perferendis ducimus.,2021-05-20 01:14:44
471,353,4,Labore sapiente neque facere.,2022-12-10 09:17:01
471,354,3,Voluptates vero nobis cupiditate aperiam rem dolor mollitia.,2018-08-17 06:42:45
542,355,2,Eum culpa reprehenderit itaque necessitatibus ducimus.,2021-02-03 20:16:17
706,356,3,Harum incidunt excepturi in incidunt et autem voluptatum.,2016-03-19 13:37:38
153,357,5,Ducimus illo quidem occaecati veniam.,2023-06-18 02:55:59
254,358,1,Nostrum velit pariatur architecto facere vero cum.,2015-09-26 16:01:29
403,359,4,Unde nesciunt vero cupiditate.,2022-07-06 07:54:38
870,360,1,Tempora quaerat mollitia occaecati.,2014-07-11 00:28:40
172,361,3,Ea ut nemo nihil libero odio.,2021-01-24 09:37:00
309,362,5,Dolorem quis quae reprehenderit sit est eum.,2023-12-06 01:13:01
581,363,1,Eos eaque earum.,2019-11-17 19:41:30
622,364,2,Deleniti nesciunt beatae perferendis beatae eaque delectus optio.,2022-06-11 19:58:06
741,365,5,Facilis dolorum beatae corrupti sed sit.,2022-12-06 04:41:13
472,366,3,Repellendus quis sed aspernatur.,2021-10-01 01:57:50
627,367,3,Eveniet quo atque doloribus.,2024-02-21 13:27:50
270,368,3,Accusamus eveniet facilis officiis debitis quae.,2020-05-28 21:10:05
134,369,1,Error voluptatem soluta repellat distinctio beatae occaecati alias.,2024-09-06 07:44:57
374,370,4,Accusantium eaque esse excepturi.,2020-07-17 23:55:43
168,371,3,Beatae voluptatibus sequi dolore deleniti sapiente dolores.,2022-05-30 14:49:21
502,372,3,Vitae dolor eaque totam pariatur quo aliquam officia.,2024-12-12 06:05:00
240,373,3,Non enim illum voluptatibus quibusdam.,2017-01-08 14:06:29
292,374,2,Animi itaque voluptate itaque quasi molestiae.,2019-01-18 10:39:08
302,375,4,Enim inventore ad dolores dolor sequi ullam voluptates.,2019-02-17 12:33:16
818,376,4,Unde dolor tempora quidem quos accusantium delectus.,2015-09-27 11:12:45
967,377,2,Pariatur aperiam dignissimos odio nesciunt.,2015-12-08 04:21:17
634,378,1,Non ab quod rerum dolor vel.,2023-03-19 23:49:04
806,379,2,Corporis asperiores delectus laudantium omnis veritatis recusandae nisi.,2022-06-10 17:15:48
424,380,3,Fugiat distinctio quas suscipit reiciendis.,2020-01-22 17:07:25
468,381,2,Rem iure alias recusandae doloribus dolorem totam.,2023-01-18 02:58:15
88,382,4,Ad optio saepe rerum.,2020-11-17 23:27:46
740,383,3,Cum accusantium necessitatibus quam sed.,2021-05-23 21:45:58
456,384,1,Temporibus eaque quisquam minima optio earum.,2023-07-08 14:16:18
120,385,4,Dicta vitae magnam ut.,2015-05-27 13:37:03
950,386,4,Libero laudantium ipsam nulla.,2018-12-16 10:50:55
961,387,3,Optio magnam necessitatibus rem.,2018-04-01 07:32:40
894,388,2,Quas ipsam dicta provident assumenda.,2022-10-06 04:12:33
806,389,3,Quo dolorum saepe quibusdam sapiente eius.,2019-09-25 20:39:25
762,390,3,Dolorum debitis molestiae doloremque veniam nam.,2024-05-16 09:00:57
186,391,5,Excepturi consequuntur quaerat voluptatibus tempore unde.,2014-05-22 03:35:04
26,392,3,Blanditiis alias laudantium tempora dolorem aliquam.,2018-03-04 11:42:50
517,393,2,Nesciunt officiis minima minima voluptate architecto at.,2021-03-30 12:10:22
477,394,1,Iste ab numquam voluptatem.,2015-05-13 14:19:29
154,395,4,Facilis assumenda suscipit reprehenderit eveniet aliquam.,2021-11-12 01:15:10
944,396,3,Tempore consectetur illo occaecati praesentium delectus natus fugiat.,2015-11-08 00:36:31
492,397,4,Beatae dolores eaque eveniet nam cum.,2018-03-22 22:44:16
334,398,5,Illo ea a aliquam eos voluptas.,2019-09-28 15:06:20
774,399,2,Distinctio exercitationem ipsa dolore expedita occaecati quidem.,2016-08-21 15:43:06
653,400,2,Expedita repudiandae voluptas exercitationem eaque odio.,2014-10-17 03:23:10
423,401,5,Ad impedit voluptate nam facere rem hic.,2024-05-13 13:43:11
236,402,4,Sapiente nemo unde quasi.,2024-06-25 07:06:29
829,403,2,Molestias porro reiciendis nisi.,2024-01-08 23:43:16
550,404,2,Quo ab incidunt quasi doloribus voluptatibus nisi.,2017-12-21 04:17:21
227,405,5,Porro dolorum recusandae quibusdam voluptates ea sunt.,2024-12-14 00:41:26
668,406,5,Architecto deleniti ea facere dignissimos pariatur aliquam illo.,2017-06-05 16:26:16
581,407,3,Delectus repellendus porro atque iusto sunt placeat.,2019-03-30 19:20:45
813,408,4,Magnam qui nihil.,2024-11-05 02:15:18
89,409,3,Assumenda voluptatibus voluptatum quas quia praesentium corrupti.,2017-06-25 01:30:57
854,410,4,Labore facilis vitae consequuntur ea delectus.,2020-08-24 09:08:21
556,411,1,Itaque atque iusto labore dolorem nam.,2022-08-13 00:49:28
449,412,5,Porro sequi placeat quod eligendi iste.,2017-07-18 04:30:30
69,413,4,Eligendi aut aut itaque.,2023-04-14 03:50:37
489,414,5,Rem ut ex laborum.,2019-02-06 15:44:20
26,415,4,Ea temporibus dolorum optio corporis.,2022-05-23 05:56:13
50,416,4,Perspiciatis necessitatibus alias sit maxime tempora.,2024-12-23 02:49:36
837,417,5,Distinctio quasi et eaque.,2024-03-27 15:34:52
562,418,1,Aperiam nam illo ut porro quaerat.,2019-02-04 07:41:20
690,419,5,Eveniet consectetur magnam occaecati architecto.,2022-11-23 01:32:09
552,420,5,Asperiores accusamus consequatur molestias.,2014-12-14 08:34:44
265,421,2,Eius suscipit dolorem maiores occaecati.,2015-04-06 15:04:15
207,422,5,Repellat nulla libero explicabo officia.,2016-09-04 16:01:31
928,423,5,In enim consectetur porro non ab laborum.,2023-08-28 13:15:54
560,424,3,Non ex cum ab amet occaecati dolorem.,2019-12-17 20:56:57
105,425,4,Nihil nam accusamus quod.,2014-01-03 13:16:57
771,426,5,Soluta ea veritatis perspiciatis illum culpa nemo.,2024-10-01 23:04:12
31,427,1,Aliquid illum fugiat odit nesciunt dolor cum.,2023-05-07 01:08:23
518,428,2,Deserunt minus corporis sint rem.,2017-03-09 15:59:52
137,429,3,Iure at alias suscipit eligendi voluptatibus enim.,2016-06-23 17:41:59
4,430,5,Accusamus atque voluptatem necessitatibus ad dicta vel.,2014-05-24 13:31:19
128,431,4,Dolores maxime voluptatibus exercitationem.,2022-07-17 17:16:22
382,432,5,Maiores dignissimos consectetur amet ullam.,2020-09-17 20:07:46
659,433,2,Sunt asperiores aliquid sed possimus nesciunt repellat.,2017-06-15 23:37:36
877,434,5,Aliquid ab illo aliquam vel dolorum quas.,2015-12-28 12:40:48
245,435,4,Consectetur cumque necessitatibus iure quia totam.,2020-10-03 17:20:14
943,436,4,Facilis ut consequatur blanditiis.,2019-11-06 18:22:43
349,437,3,Cumque consequatur impedit dignissimos libero molestiae beatae.,2019-08-31 10:34:02
211,438,2,Exercitationem nobis ipsa pariatur laboriosam ullam animi.,2019-06-02 03:22:05
190,439,5,Molestiae totam neque praesentium consectetur.,2023-08-31 10:41:34
60,440,1,Perspiciatis occaecati animi.,2017-10-21 07:31:18
916,441,4,Sapiente dolor dicta omnis officia culpa.,2019-06-13 09:36:13
443,442,4,Placeat et ullam dolorum.,2019-08-23 16:44:32
819,443,1,Sit qui debitis.,2023-10-06 15:00:09
1000,444,1,Ab hic alias harum quo.,2020-12-02 14:55:17
474,445,4,Cum minus ad rerum magnam.,2020-10-07 04:15:10
398,446,1,Voluptatum eveniet enim ipsa illo corrupti.,2017-11-17 00:22:16
811,447,2,Vero id cum pariatur est ab.,2024-07-08 03:20:37
888,448,5,Vitae neque veritatis incidunt suscipit adipisci iusto.,2014-03-19 08:10:32
832,449,3,Fugiat natus vitae quas mollitia accusamus.,2014-12-07 08:15:40
253,450,3,Dolor perspiciatis id aspernatur.,2021-04-08 12:55:42
901,451,1,Explicabo enim perferendis amet voluptas.,2018-12-07 07:00:47
615,452,2,Harum a commodi nam assumenda.,2019-05-27 18:00:07
575,453,5,Consequatur ab est neque.,2019-08-27 17:24:16
525,454,5,Et beatae nihil recusandae odit officiis.,2017-04-07 04:44:37
961,455,4,Maiores at delectus autem quasi sint voluptate natus.,2014-08-16 08:00:43
814,456,4,Temporibus dolore omnis quia.,2016-01-25 19:36:14
908,457,1,Cupiditate excepturi veniam harum et ex.,2021-07-12 12:17:09
741,458,5,Perferendis quasi impedit autem laborum.,2024-08-01 23:31:29
492,459,2,Sunt vel reprehenderit deserunt molestiae.,2019-11-18 02:32:54
638,460,1,Laborum enim repudiandae molestiae quod.,2016-10-12 06:38:59
753,461,3,Modi unde magnam mollitia a quos animi.,2024-02-08 06:50:53
974,462,3,Ullam porro voluptatum dolorem repellat recusandae repellendus nulla.,2021-12-11 14:13:00
829,463,3,Quas veniam earum quidem dolor excepturi accusamus.,2016-11-01 02:02:17
450,464,2,Distinctio ipsam quae.,2022-04-06 09:23:45
837,465,4,Quasi at repudiandae impedit distinctio similique incidunt tempore.,2018-02-08 01:03:34
216,466,1,Nobis recusandae nihil totam aperiam minus error.,2024-02-04 18:13:06
733,467,4,Quae repellendus perspiciatis dignissimos ut minima.,2017-03-19 13:41:40
162,468,1,Libero nesciunt nihil molestias.,2022-05-11 10:54:11
548,469,5,Nostrum nemo cum libero quisquam asperiores.,2018-02-07 20:13:21
280,470,3,Debitis dolorum expedita quibusdam excepturi dicta hic.,2019-06-16 13:13:37
814,471,4,Suscipit facere assumenda enim.,2017-11-30 03:28:36
551,472,2,Molestiae dolorem et blanditiis.,2016-07-03 08:37:26
994,473,3,Pariatur laboriosam nulla assumenda numquam.,2017-06-15 04:25:40
913,474,4,Fuga aliquam qui dignissimos doloremque.,2017-08-15 18:59:33
785,475,3,Quo cumque odio nisi enim alias.,2018-11-01 04:09:11
247,476,5,Eos praesentium officiis veniam neque voluptates id quod.,2020-01-12 12:57:43
768,477,3,Libero eligendi consequuntur blanditiis.,2014-03-14 08:45:12
645,478,2,Quae vitae ex alias cupiditate.,2016-07-07 07:11:32
611,479,3,Voluptas quos distinctio ad.,2022-06-19 08:51:45
656,480,5,Natus hic nulla accusantium.,2017-07-12 10:39:30
746,481,1,Sapiente eligendi accusantium quidem amet atque vitae expedita.,2018-04-14 07:50:10
612,482,3,Nisi nisi quidem magni.,2018-07-27 02:16:15
270,483,5,Ipsa iste rem cum eum animi harum officia.,2024-12-15 08:00:12
224,484,3,Dolore occaecati incidunt fugiat.,2024-09-13 10:02:16
816,485,4,Incidunt dolorum architecto veritatis quae maiores.,2022-05-24 07:34:27
534,486,4,Earum eligendi unde qui voluptatibus fuga incidunt.,2020-07-05 21:35:48
174,487,4,Temporibus amet incidunt facilis.,2024-10-29 01:44:16
29,488,3,Dolorem quis nesciunt sint dolor tempore commodi.,2018-04-17 23:23:48
634,489,5,Dolorem reprehenderit possimus corporis.,2023-08-04 14:22:42
845,490,3,Illum vitae itaque nemo eum iure natus.,2019-12-26 23:41:40
424,491,3,Doloremque aspernatur commodi deleniti amet placeat.,2018-08-04 07:12:24
776,492,1,Unde tempora optio quae dignissimos.,2016-11-20 01:32:23
133,493,5,Ratione quam ratione ipsa facere deleniti.,2024-03-08 17:17:46
190,494,5,Voluptatem voluptas temporibus hic maxime recusandae voluptas id.,2023-08-30 20:08:12
155,495,1,Veritatis iusto recusandae beatae.,2024-10-01 08:32:12
671,496,4,Aperiam repellendus tempore suscipit.,2014-10-07 00:00:01
131,497,2,Doloribus quis totam rem voluptates.,2015-12-30 01:36:18
517,498,4,Magnam assumenda delectus ducimus ipsum voluptatum exercitationem.,2020-12-10 08:31:44
134,499,4,Commodi iure mollitia culpa neque nesciunt consequuntur.,2022-02-06 11:04:34
781,500,4,Consequuntur sit enim blanditiis omnis quam.,2021-10-18 08:59:25
704,501,1,Quae assumenda illo repellendus voluptas cum est.,2014-10-09 15:54:19
481,502,2,Impedit blanditiis mollitia temporibus accusantium minus dolorum accusamus.,2017-08-07 15:31:14
865,503,4,Illo non reiciendis nostrum accusamus tenetur.,2019-04-21 13:29:14
440,504,1,Amet a totam rem.,2020-06-05 18:52:23
292,505,4,Voluptate facere et fugit.,2015-06-29 17:55:20
91,506,2,Saepe dicta voluptatum at non ab.,2023-12-04 07:21:50
161,507,5,Aspernatur consequatur doloremque quibusdam esse cum cum.,2021-02-01 23:37:34
741,508,4,Quibusdam sequi eius nobis delectus.,2015-12-07 17:53:02
497,509,3,Illo accusantium commodi mollitia.,2024-01-15 22:24:27
28,510,5,Aspernatur nulla quaerat.,2015-01-12 22:51:38
800,511,5,Cum blanditiis sint similique occaecati pariatur praesentium.,2016-10-10 02:01:49
589,512,3,Temporibus sed quam fugit accusamus fugit.,2017-10-20 23:20:56
564,513,1,Distinctio vero et commodi aperiam eaque.,2023-01-09 10:28:56
574,514,1,Incidunt delectus incidunt quidem.,2016-06-17 15:44:21
842,515,5,Facere animi nemo iusto dolor consequuntur.,2020-08-05 19:00:02
834,516,2,Reprehenderit nesciunt rerum.,2020-06-12 12:01:04
838,517,4,Qui corporis earum exercitationem tempora labore quo.,2023-10-07 04:04:36
816,518,5,Odit accusantium maxime optio quaerat.,2017-04-02 20:19:08
633,519,3,Expedita error sequi odit assumenda ut.,2024-04-15 04:54:56
93,520,1,Dolores commodi tempora corrupti consequuntur quod.,2018-10-15 12:11:42
834,521,4,Amet optio minima culpa autem rerum.,2018-01-19 20:08:20
402,522,1,Assumenda consectetur perspiciatis a occaecati laborum pariatur corrupti.,2022-09-18 06:21:50
298,523,4,Doloribus aspernatur odio numquam.,2015-04-20 09:14:02
608,524,5,Odio eligendi vitae natus expedita suscipit soluta.,2016-04-02 19:36:11
47,525,2,Amet culpa a incidunt molestias voluptate.,2024-12-16 15:27:37
225,526,3,A aspernatur tenetur commodi nisi nisi.,2022-02-15 23:14:19
515,527,3,Eligendi laboriosam rem aliquid necessitatibus.,2023-08-05 09:04:37
342,528,4,Aut quas voluptates placeat.,2021-08-22 10:08:04
186,529,3,Ratione cum eaque iste consequatur asperiores possimus.,2023-05-02 13:54:09
261,530,4,Corporis dolore a sequi hic necessitatibus.,2014-10-12 04:29:14
181,531,3,Possimus dolores tenetur ipsum.,2023-01-18 07:03:21
228,532,3,Amet deserunt doloribus id a.,2015-12-30 16:49:10
306,533,4,Pariatur magni veritatis aspernatur optio.,2016-08-16 09:24:07
580,534,4,Corporis incidunt facilis facere quaerat impedit quo.,2017-07-27 18:48:55
395,535,4,Accusantium error tenetur occaecati natus officia.,2017-02-19 23:17:12
838,536,4,Doloremque voluptate perspiciatis cumque possimus dolorum corporis.,2022-06-30 00:45:27
818,537,1,Dolore voluptate sapiente error architecto ipsum eius in.,2020-07-09 06:57:52
679,538,4,Voluptatum incidunt eum voluptas.,2021-09-12 07:17:08
512,539,3,Sit animi modi nobis quod.,2015-11-26 18:23:25
794,540,5,Ex incidunt molestias culpa eos.,2015-09-25 22:01:09
319,541,5,Voluptatibus totam aperiam id eos similique expedita optio.,2016-05-27 05:42:56
972,542,4,Asperiores harum nulla.,2023-09-19 05:36:04
605,543,5,Dolorum laborum exercitationem ea laboriosam officia nam.,2018-11-15 16:23:46
412,544,4,Mollitia rem incidunt fuga officiis ab.,2020-06-27 13:22:09
139,545,5,A doloremque maiores nemo.,2018-02-01 00:10:33
885,546,5,Veniam deleniti repellat fuga vero officia consectetur.,2019-01-09 21:05:54
883,547,3,Officiis omnis maxime consequuntur a.,2023-04-11 16:53:58
158,548,1,A vel ut sit corporis.,2015-03-17 02:15:51
660,549,5,Soluta vitae similique eaque suscipit consequuntur rem.,2021-06-03 15:19:03
641,550,1,Perspiciatis ad ipsam debitis exercitationem aut numquam.,2017-05-21 08:29:02
451,551,5,Et sint architecto.,2024-06-14 12:20:45
36,552,4,Hic eveniet vel voluptatum.,2019-12-29 11:27:04
864,553,4,Repellendus eveniet cupiditate itaque maiores excepturi sed.,2022-03-09 00:42:58
864,554,3,Neque recusandae vel et.,2015-09-30 20:21:06
91,555,5,Debitis temporibus delectus libero culpa excepturi.,2021-02-13 23:27:07
704,556,5,Officia ea dignissimos nesciunt sit.,2021-07-12 21:09:07
206,557,1,Numquam dolorem repellat optio.,2018-10-19 02:56:28
436,558,5,Et expedita totam.,2017-09-23 16:00:33
746,559,1,Accusantium quod impedit magnam debitis esse reprehenderit temporibus.,2024-09-30 21:40:27
135,560,2,Illo consequatur asperiores neque esse aspernatur.,2014-12-13 07:11:42
127,561,5,Ut beatae sequi quis possimus.,2015-08-24 00:28:27
809,562,1,Nulla placeat quod molestiae eos.,2015-03-03 20:10:45
111,563,2,Corrupti quidem est natus cumque.,2023-04-24 03:59:23
868,564,4,Odit ullam tempora assumenda placeat.,2021-08-28 13:19:41
970,565,4,Quis enim quas libero adipisci voluptatibus.,2022-09-19 22:17:11
7,566,1,Quas accusamus dolor reiciendis.,2021-09-18 15:16:05
747,567,3,Qui placeat magni perferendis eligendi voluptatem blanditiis dolores.,2019-03-01 03:07:16
600,568,1,Impedit iste aut sapiente dolore consequatur.,2024-04-30 19:21:19
518,569,2,Repellat vel voluptatibus fuga ipsum corrupti placeat.,2023-11-27 17:05:58
10,570,1,Soluta illum odit asperiores asperiores.,2020-05-27 12:31:11
372,571,1,Eum fugit assumenda eos natus saepe.,2021-03-09 08:34:15
992,572,5,Modi sunt placeat tempora odio earum fugiat architecto.,2024-10-13 15:51:17
103,573,3,Quas beatae accusantium.,2021-08-14 15:24:32
330,574,5,Odit quasi soluta eum distinctio.,2018-07-27 08:05:49
355,575,1,Expedita fuga ipsa laboriosam delectus.,2015-06-02 03:43:11
548,576,1,Rerum commodi neque similique dolorem sapiente.,2024-09-30 13:16:38
497,577,4,Deserunt incidunt atque earum quisquam inventore.,2017-06-12 11:03:43
292,578,5,Eligendi aliquam labore assumenda recusandae neque.,2024-10-16 17:34:31
238,579,1,Dignissimos perspiciatis optio ut optio.,2018-01-12 22:32:06
127,580,1,Fuga consequatur quod.,2020-12-06 02:11:47
209,581,2,Nulla in reiciendis aspernatur cupiditate illo minima aperiam.,2015-03-23 19:13:32
423,582,3,Quasi repudiandae deleniti alias.,2020-10-23 15:21:16
263,583,5,Veniam quibusdam non velit.,2017-07-25 07:17:17
838,584,2,Exercitationem ab exercitationem ab.,2019-12-16 03:29:50
571,585,1,Accusamus possimus expedita.,2014-08-09 06:11:41
760,586,5,Omnis repellendus quis molestias.,2017-05-10 06:10:31
968,587,5,Quia at minima dolorum ullam dolores aliquam.,2015-11-06 14:10:19
632,588,3,Amet placeat eaque veniam voluptatibus quasi.,2016-11-09 05:32:35
861,589,2,Officia odit fugit.,2019-11-11 10:48:21
37,590,3,Dicta quod aspernatur minus cum amet omnis.,2023-08-17 22:34:00
73,591,5,Ullam minima cum accusamus.,2021-01-29 00:30:17
482,592,4,Debitis saepe maiores illum atque.,2019-12-05 18:04:06
524,593,3,Ipsa optio iusto doloremque sunt dignissimos cupiditate voluptatem.,2022-06-29 08:38:18
261,594,3,Ab harum delectus enim exercitationem at labore.,2014-02-08 11:30:58
147,595,1,Dolorum excepturi atque a possimus dicta eveniet.,2019-11-20 11:44:22
460,596,2,Ut nulla perferendis eius.,2018-10-23 10:27:45
52,597,5,Nesciunt repellat cupiditate.,2024-01-01 21:23:55
298,598,4,Commodi est atque.,2017-08-30 07:55:28
594,599,1,Vitae accusamus quod sequi incidunt.,2024-03-20 21:40:13
86,600,4,Voluptatem pariatur fuga doloremque non non.,2014-02-03 03:52:07
958,601,3,Ex vero minus.,2022-04-09 18:09:47
992,602,3,Sunt dignissimos voluptatem.,2014-04-26 06:12:20
769,603,2,Numquam omnis illo ex voluptatum pariatur voluptatum temporibus.,2021-05-17 02:51:28
210,604,1,Vel eveniet eos consectetur harum perspiciatis.,2024-04-21 03:51:46
354,605,3,Aspernatur amet adipisci aut enim voluptates corporis.,2017-03-16 06:06:27
484,606,1,Ab provident fugit maxime consectetur.,2014-01-18 14:40:54
996,607,4,Necessitatibus nemo veniam deserunt.,2015-10-11 21:53:32
362,608,4,Labore voluptatibus maxime.,2016-06-18 11:10:48
208,609,1,Accusamus magni aperiam consequuntur ad.,2023-04-30 08:47:24
876,610,1,Velit libero voluptate fugit.,2019-06-26 01:58:21
160,611,2,Soluta numquam suscipit fugiat quisquam repellendus perspiciatis.,2022-05-23 15:27:01
640,612,3,Dolore omnis culpa delectus odit quo.,2021-03-04 19:23:46
669,613,3,Amet excepturi architecto.,2019-08-13 07:24:13
104,614,1,Pariatur eaque hic in ea suscipit sunt.,2014-08-04 03:15:04
366,615,1,Cumque tempora labore.,2020-07-05 13:44:26
479,616,2,Expedita minima eius quas quaerat dolor.,2018-08-17 16:02:56
501,617,2,Sequi nulla ad possimus perspiciatis.,2018-04-09 04:12:21
726,618,2,Error nemo ad sapiente sapiente quibusdam voluptatum.,2023-02-12 03:35:38
665,619,3,Nulla quaerat ut.,2020-11-02 02:05:26
684,620,1,Officiis rerum veniam.,2021-01-07 00:21:02
742,621,1,Aut culpa itaque aliquid.,2020-11-27 01:24:11
845,622,3,Sint exercitationem mollitia voluptatibus.,2024-08-20 10:09:52
673,623,4,Sit occaecati occaecati doloribus distinctio dicta fugit cupiditate.,2022-05-05 22:18:30
184,624,5,Aliquid totam itaque unde magni rerum iure quaerat.,2018-02-28 16:21:27
899,625,5,Itaque debitis consequatur ex quibusdam.,2024-01-11 03:41:01
453,626,3,Incidunt quae officia eos ad voluptate vel ipsam.,2024-07-29 18:27:18
550,627,2,Dicta quibusdam doloribus quod recusandae quisquam hic alias.,2018-10-17 21:33:35
529,628,2,Nemo esse repellendus vitae iure.,2021-08-21 06:14:42
526,629,1,Ratione corporis perspiciatis ex vel officia numquam.,2023-08-31 18:13:04
765,630,4,Placeat accusantium id quasi amet quasi.,2016-02-05 21:50:56
278,631,5,Officiis consectetur dolorum optio earum aperiam.,2018-06-10 20:21:22
404,632,5,Voluptas illo beatae iure rem.,2014-01-09 04:38:31
371,633,5,Suscipit rerum repellat ab.,2020-02-08 02:29:16
859,634,2,Voluptatum sunt tempore enim quos ipsam.,2016-01-11 08:15:20
587,635,4,Sint maxime reprehenderit porro fugit.,2019-04-29 23:40:24
244,636,5,Praesentium deserunt occaecati natus.,2014-06-18 18:14:15
901,637,2,Natus quas deserunt.,2015-07-11 19:14:10
202,638,4,Fuga expedita deserunt consectetur placeat libero beatae.,2022-03-15 18:07:10
246,639,1,Eius iste maxime deserunt aperiam dolores nesciunt tempore.,2015-08-19 08:00:36
400,640,4,Voluptatibus provident mollitia rerum.,2024-02-16 01:22:54
836,641,2,Quisquam fugit atque quas voluptas iure neque maxime.,2014-04-10 05:59:32
625,642,3,Suscipit adipisci ipsum sed eligendi.,2019-07-20 17:40:14
145,643,1,Iusto optio et eum.,2016-07-11 05:24:36
820,644,2,Earum iure recusandae dolor impedit consequuntur.,2023-09-06 21:23:43
788,645,5,Non occaecati perferendis recusandae repudiandae impedit iure.,2020-06-01 14:42:00
822,646,3,Eaque assumenda quibusdam occaecati amet.,2023-08-23 14:20:13
275,647,3,Ab corporis exercitationem architecto sapiente.,2015-06-08 10:32:22
805,648,3,Omnis natus expedita animi voluptatum explicabo deleniti ad.,2019-03-19 22:07:41
132,649,2,Optio molestiae veritatis rem alias.,2016-10-15 17:07:08
344,650,2,Velit at necessitatibus sint.,2016-05-04 05:43:55
383,651,4,Delectus quod accusamus iste quisquam debitis.,2020-08-02 02:51:28
93,652,5,Asperiores facere ad minus explicabo.,2020-04-20 18:20:32
128,653,1,Molestiae iste sit deleniti.,2016-02-04 04:51:06
230,654,5,Ratione ipsam laudantium quia facilis.,2023-08-03 06:33:23
707,655,5,Quam ipsam id dolorum ipsum.,2022-03-07 02:58:00
852,656,2,Quam voluptate ratione pariatur libero culpa.,2019-04-12 15:35:34
432,657,3,Recusandae explicabo a nobis quas aliquid.,2024-02-13 04:45:42
17,658,2,Optio quod aut repellat nisi facere.,2016-12-15 15:44:24
294,659,4,Architecto earum nam tempore error odio.,2016-02-20 19:01:23
724,660,4,Eaque repellat minima sequi.,2023-07-07 00:28:23
305,661,3,Odit nesciunt eius sapiente earum sint ad.,2023-11-24 22:58:27
616,662,2,Possimus repellat optio quas temporibus aperiam culpa.,2014-06-16 08:36:52
481,663,2,Labore quia deleniti ipsum natus aperiam rem.,2020-07-29 02:36:04
111,664,3,Molestias tempora neque.,2023-07-19 08:20:46
425,665,4,Quo dignissimos veniam natus amet maxime porro.,2020-01-01 02:43:59
630,666,4,Enim modi officia.,2024-02-19 00:05:50
620,667,2,Provident autem illum quod.,2015-11-02 04:06:50
776,668,4,Ipsam alias illum dignissimos minima ad inventore.,2020-03-18 19:03:04
268,669,2,Voluptatem delectus incidunt blanditiis dolorum dolores.,2015-09-29 09:03:49
951,670,4,Ut molestiae fuga quo minus.,2015-02-19 03:50:31
236,671,1,Nostrum optio quibusdam.,2020-10-29 03:57:13
156,672,3,Accusantium quasi id quidem expedita provident.,2021-01-23 04:52:13
950,673,2,Necessitatibus natus doloribus veniam.,2016-07-28 03:42:33
200,674,1,Dignissimos optio provident sit fuga.,2024-05-30 21:43:46
352,675,3,Soluta ad rerum esse molestiae error velit suscipit.,2015-07-14 17:52:44
79,676,2,Voluptatum voluptatibus rem repellendus saepe eos et.,2015-08-19 10:59:26
508,677,3,Odio beatae qui officia repudiandae cupiditate.,2022-10-18 01:37:00
886,678,4,Nesciunt earum omnis voluptatibus labore.,2021-07-26 07:01:13
700,679,3,Repellendus harum reprehenderit velit.,2020-11-03 21:10:54
300,680,2,Quo voluptates quidem sequi ratione veritatis odit harum.,2016-08-27 01:36:45
387,681,2,Sint quasi laboriosam laudantium rerum.,2015-05-21 03:48:15
729,682,5,Cumque dolore quis nemo quia.,2023-08-13 00:41:32
586,683,2,Ipsa tempora sint doloremque aperiam unde.,2022-05-19 02:29:10
855,684,5,Adipisci eum molestias quidem praesentium rem perferendis.,2024-10-16 00:08:52
82,685,2,Culpa voluptates suscipit qui eaque quos.,2023-09-25 06:16:11
805,686,3,Veniam dolore unde accusantium eligendi laboriosam.,2014-08-10 03:48:15
432,687,4,Illo voluptatem voluptates quibusdam quas.,2017-07-17 13:43:06
876,688,3,Culpa quo architecto doloribus repudiandae debitis cupiditate.,2023-12-21 07:35:30
384,689,2,Suscipit molestias libero deserunt fugiat.,2022-11-19 21:55:48
766,690,1,Consequuntur repellendus ullam soluta libero cum.,2021-02-14 18:22:06
385,691,2,Ea culpa tenetur corporis voluptates cupiditate.,2023-05-27 20:37:04
129,692,2,Exercitationem veniam soluta.,2022-09-29 02:57:12
242,693,5,Nobis laborum ipsa cumque voluptates nam.,2015-08-22 21:10:07
548,694,5,Dolores porro consequatur sequi impedit.,2016-11-02 20:59:14
440,695,2,Distinctio nesciunt maiores quis et adipisci.,2021-06-08 18:26:07
617,696,5,Iusto consectetur ut dolore maiores cupiditate.,2024-02-23 00:59:43
238,697,5,Debitis animi nesciunt modi earum deleniti.,2021-03-12 07:09:22
433,698,2,Eos accusamus tempore magnam eius.,2018-08-30 18:08:33
373,699,2,Beatae quo culpa amet ea minus illum temporibus.,2017-03-02 15:04:26
577,700,2,Veniam quidem totam fuga iusto molestias.,2021-03-12 18:37:52
876,701,1,Facilis dolore ipsum molestias possimus aliquam.,2017-09-25 00:33:47
143,702,5,Fuga culpa earum corrupti fuga delectus cupiditate hic.,2021-06-12 04:55:12
149,703,3,Sit non ullam repudiandae.,2014-10-18 22:58:31
947,704,3,Minima nihil quia laboriosam fugit.,2021-04-26 22:11:31
41,705,1,Quod quidem excepturi magnam.,2017-08-02 12:57:21
481,706,3,Vel natus unde maiores numquam.,2016-12-23 15:09:03
91,707,3,Distinctio dolor quae recusandae nemo porro sapiente.,2017-03-09 16:27:05
863,708,2,Eaque rem expedita blanditiis soluta.,2014-12-20 05:35:05
953,709,3,Quidem aperiam repudiandae similique.,2015-06-04 08:26:19
501,710,3,Minima asperiores sapiente nihil fuga rerum.,2024-02-04 02:43:40
767,711,1,Corrupti exercitationem similique.,2024-09-15 21:08:36
883,712,2,Neque facilis animi.,2022-08-13 05:28:51
220,713,3,Qui quae corrupti sequi dolorem expedita delectus.,2021-05-31 21:12:39
224,714,3,Quibusdam suscipit fugiat ipsa.,2016-10-19 10:08:22
834,715,2,Cumque neque error nemo placeat odit.,2023-08-18 04:17:03
399,716,2,Magni ipsam occaecati corporis dolorum sunt aut.,2014-09-28 08:43:23
767,717,1,Cumque iure maiores.,2019-05-16 06:33:37
255,718,1,Id facere repellendus ipsam.,2017-04-03 18:30:34
919,719,2,Velit porro omnis expedita iste neque quis.,2015-10-08 03:54:18
786,720,1,Ipsam sit officia laboriosam placeat adipisci eius.,2024-04-11 23:20:44
59,721,4,Pariatur nam vitae totam.,2020-01-30 09:53:45
676,722,3,Molestiae sunt temporibus non.,2016-03-15 15:04:03
906,723,3,Repudiandae facere culpa numquam.,2023-09-01 01:28:06
675,724,3,Officiis nostrum occaecati possimus impedit minus eaque.,2015-05-08 09:32:24
415,725,5,Voluptatibus veritatis molestias natus reprehenderit iusto veniam.,2017-11-25 22:45:33
6,726,5,Voluptas esse quod harum dolor.,2016-01-15 12:32:27
600,727,1,Exercitationem sint alias quos.,2016-09-13 18:26:21
313,728,1,Laudantium iste recusandae ut vel nostrum.,2023-04-28 13:13:24
30,729,4,Vel quam debitis eligendi deserunt.,2023-06-22 11:00:07
581,730,4,Explicabo consequuntur repellendus aspernatur.,2017-05-19 22:47:03
937,731,4,Voluptatibus occaecati ipsum eaque nihil.,2022-11-01 05:13:31
533,732,1,Alias temporibus facere ducimus qui.,2024-06-16 19:21:38
536,733,5,Itaque id dolore ex ducimus minus a debitis.,2020-02-18 08:05:18
770,734,5,Minima assumenda quas similique necessitatibus soluta reiciendis.,2024-12-22 17:50:01
162,735,2,Neque blanditiis illo nemo distinctio rem.,2019-02-06 10:30:08
712,736,4,Perferendis laboriosam ab aut voluptate qui ducimus.,2021-12-05 17:15:29
477,737,1,Ratione doloribus facere commodi eaque harum sit.,2017-10-20 13:12:04
66,738,4,Itaque provident sed error inventore quia.,2014-08-13 11:59:22
13,739,2,Ipsum incidunt consequatur labore ipsam aperiam ex quas.,2024-06-15 20:26:51
716,740,1,Reiciendis nisi sed adipisci laudantium nostrum.,2018-07-03 22:20:59
127,741,1,Placeat officia incidunt temporibus numquam.,2019-04-23 08:14:01
453,742,1,Amet neque quam.,2015-09-01 14:45:11
600,743,2,Minus distinctio sapiente suscipit.,2015-07-02 06:46:58
652,744,2,Nobis et numquam beatae quis cupiditate.,2015-07-03 18:14:11
387,745,4,Unde maiores ut odio omnis quisquam.,2024-11-05 10:55:19
351,746,3,Quisquam architecto aperiam.,2020-02-22 16:12:54
345,747,2,Eos iusto sequi tempore itaque.,2020-01-11 23:51:33
829,748,2,Amet necessitatibus facere repudiandae.,2015-08-25 04:54:39
326,749,2,Quibusdam consectetur perferendis earum quae soluta.,2018-07-15 21:33:12
820,750,5,Beatae in ipsa.,2016-03-05 14:08:17
537,751,4,Tenetur pariatur saepe sed distinctio quae architecto.,2017-10-23 18:50:36
476,752,1,Quia aspernatur ad sit accusamus eaque dolorum quod.,2023-12-13 20:27:38
296,753,2,Deleniti occaecati similique iusto.,2024-04-08 06:15:28
749,754,3,Sequi commodi assumenda aliquam eveniet dignissimos.,2020-09-30 22:33:11
325,755,3,Illo modi totam accusamus quasi.,2019-08-03 02:11:20
970,756,1,Ullam excepturi ipsam qui eius velit qui voluptatem.,2018-03-28 16:52:39
323,757,4,Molestiae voluptatem quae necessitatibus esse.,2017-08-24 17:23:44
874,758,2,Praesentium consectetur corrupti molestias dolorum neque.,2015-01-09 16:38:12
892,759,3,Et enim quasi est delectus optio.,2014-07-05 10:23:06
414,760,3,Optio minima nesciunt debitis blanditiis voluptatem incidunt.,2015-01-30 09:09:30
445,761,4,Placeat ullam omnis saepe dolores.,2022-08-12 23:14:16
316,762,2,Id dolor omnis possimus.,2019-02-16 06:08:37
943,763,1,Dolorum optio vitae nesciunt quas voluptatibus aperiam.,2020-09-12 05:21:44
876,764,3,Eius inventore mollitia.,2015-11-21 23:02:33
604,765,3,Excepturi labore voluptates.,2024-04-20 12:55:48
206,766,1,Optio molestiae expedita nulla.,2019-11-15 16:21:27
109,767,3,Maiores vel molestiae.,2023-11-14 07:46:41
882,768,3,Facere blanditiis numquam qui cumque voluptatum.,2018-12-06 15:37:52
269,769,5,Ullam facere provident tempora.,2022-10-09 08:24:44
200,770,5,Occaecati quibusdam optio debitis.,2022-01-19 01:09:32
255,771,1,Magni enim magni.,2024-04-09 07:24:43
762,772,4,Cum earum quia odio quas.,2018-06-05 02:53:19
56,773,2,Quia asperiores officiis quisquam.,2019-02-19 03:03:12
82,774,4,Dignissimos neque debitis laboriosam.,2023-07-20 20:19:56
479,775,2,Ex veritatis iste magnam et molestiae mollitia nobis.,2016-06-01 11:28:31
447,776,3,Consectetur eligendi mollitia autem cumque.,2015-07-01 14:33:30
84,777,5,Quae asperiores blanditiis non dicta cumque.,2017-09-27 22:53:01
337,778,3,Ipsam inventore itaque facere.,2022-06-28 00:44:21
673,779,2,Ullam necessitatibus libero.,2014-01-13 09:23:44
241,780,3,Laborum magnam tempora eveniet tempora aliquid sunt.,2015-05-29 03:51:15
911,781,4,Totam optio excepturi consequatur molestiae architecto aliquam.,2017-03-30 15:53:01
165,782,3,Officiis veniam dolorem eligendi aliquam ipsa.,2014-04-08 14:10:48
801,783,5,Deleniti natus sapiente quam pariatur repellendus provident.,2023-12-23 12:46:52
312,784,1,Dolorum id velit porro.,2021-10-20 17:01:46
203,785,5,Quo molestiae corrupti in iste.,2021-09-05 07:42:10
45,786,2,Ut voluptatum dignissimos tempora sequi praesentium exercitationem deleniti.,2015-10-15 06:08:07
939,787,3,Quod eum quisquam inventore doloribus animi.,2020-05-04 23:59:05
60,788,3,Amet cum cumque cumque minus.,2014-01-27 13:09:59
539,789,4,Magni quis unde doloremque neque aliquid eaque.,2021-01-22 23:36:29
405,790,3,Quam fugit aspernatur facere repudiandae praesentium ab quasi.,2015-05-18 08:04:59
18,791,4,Sunt dicta illo sapiente recusandae sunt.,2020-01-03 09:35:09
868,792,2,Ullam illum blanditiis nobis harum possimus.,2023-05-05 13:01:21
722,793,5,Fugit nesciunt minima labore.,2023-02-15 15:02:25
117,794,1,Ipsa in deleniti maiores distinctio.,2020-01-04 18:41:24
809,795,4,Amet corrupti doloremque fugiat nesciunt dignissimos.,2016-12-03 18:11:26
793,796,1,Iure blanditiis ipsum commodi unde temporibus animi.,2020-06-30 11:26:58
611,797,5,Quae quidem repudiandae hic ipsa.,2017-03-11 09:37:46
389,798,5,Dolorem provident placeat dicta fuga corrupti soluta.,2022-07-22 17:10:35
172,799,2,Deserunt unde illum veniam.,2024-01-22 18:18:54
912,800,2,Unde atque quidem consequuntur.,2021-02-24 00:48:10
563,801,1,Officiis voluptates cum sit.,2024-03-23 15:05:14
895,802,5,Doloribus illo officiis nemo.,2020-05-14 22:55:03
333,803,1,Omnis corrupti ipsa voluptatum natus.,2018-11-18 15:55:18
235,804,3,Ut tempore minus ipsum temporibus eligendi dolorem.,2017-06-17 15:32:57
727,805,3,Et ab dignissimos explicabo.,2016-08-22 23:57:43
650,806,1,Sapiente aut tempora eos fuga esse.,2019-10-18 03:18:05
537,807,5,Cumque odio consequuntur magni voluptatibus aliquid quibusdam.,2024-01-23 02:06:10
651,808,3,Rem nobis vitae odit.,2022-07-11 14:16:30
620,809,2,Vel illo at dignissimos optio tenetur officia.,2019-10-16 15:04:26
581,810,2,Explicabo adipisci ipsa accusamus repudiandae dolorum.,2021-02-23 19:41:40
147,811,4,Quas atque totam fugiat harum corrupti.,2021-11-27 22:23:38
48,812,5,Laudantium temporibus natus sapiente itaque.,2016-10-05 02:21:33
179,813,3,Ea labore facilis dolorum.,2023-07-13 00:57:23
417,814,1,Distinctio laudantium ullam voluptate.,2023-04-28 05:00:47
207,815,4,Saepe minus quae modi.,2017-10-19 12:14:27
466,816,2,Occaecati occaecati dignissimos iste labore odio.,2022-01-28 17:50:26
347,817,5,Alias a sint.,2020-05-05 03:24:22
39,818,2,Iusto non sapiente eveniet repellendus alias quas.,2019-07-26 01:40:24
208,819,3,Veniam sed nobis quod.,2024-02-10 13:06:43
254,820,2,Occaecati amet voluptatum necessitatibus.,2024-03-16 07:27:08
318,821,3,Repudiandae nihil deserunt beatae consectetur nisi eveniet facilis.,2019-05-03 23:57:44
47,822,3,Porro ipsa omnis possimus.,2022-06-10 15:07:06
507,823,5,Suscipit deserunt dignissimos earum facilis assumenda eos.,2021-02-24 19:33:43
965,824,4,Alias facere consectetur possimus at.,2018-01-13 09:54:57
562,825,1,Consequuntur eum facere perspiciatis molestiae sed beatae laudantium.,2018-07-28 18:20:02
201,826,1,Alias consectetur id nam.,2016-04-28 12:11:23
581,827,2,Ducimus sit officia laborum dolores earum placeat.,2018-04-23 03:16:27
760,828,3,Deleniti doloremque quos cum.,2018-05-26 06:40:16
154,829,1,Sunt in eaque laborum neque eligendi.,2015-02-13 14:18:28
613,830,1,Voluptas vero perferendis numquam iusto.,2020-02-22 11:43:22
485,831,4,Totam recusandae excepturi repellendus quas accusantium.,2017-12-07 20:56:45
704,832,2,Nesciunt fugiat pariatur aut similique.,2024-06-28 00:57:09
80,833,2,Quas deserunt laborum quos ad.,2021-02-11 13:26:05
419,834,4,At nesciunt animi id eveniet.,2018-11-06 10:48:18
577,835,3,Dolorem quam explicabo odio.,2020-02-25 12:20:15
966,836,1,Eligendi molestiae cupiditate maiores alias quasi.,2018-11-26 01:31:41
701,837,1,Consectetur labore autem ab ducimus.,2023-11-02 11:16:31
435,838,2,Placeat tenetur neque id sapiente molestiae ipsam nemo.,2019-06-08 01:16:43
93,839,5,Laborum omnis cumque labore.,2019-06-17 02:17:06
239,840,1,Ipsa nemo dolorum at ducimus ea molestias nesciunt.,2019-10-12 23:37:33
938,841,4,Asperiores alias cumque ut totam.,2023-08-30 18:03:00
350,842,1,Exercitationem accusantium libero voluptate laborum aliquid perferendis.,2015-04-06 20:09:08
705,843,3,Nisi harum minima exercitationem.,2017-10-18 00:49:56
998,844,1,Unde vel numquam ratione dolorem.,2015-04-08 03:05:01
159,845,1,Nemo corporis nam perferendis.,2019-12-06 09:44:20
216,846,1,Eligendi dicta quibusdam doloremque itaque non.,2014-11-13 12:01:07
388,847,2,Occaecati quam deleniti dolores dolorem dolorem.,2016-11-18 06:06:02
262,848,3,Corporis eum vero earum cupiditate.,2022-12-14 04:01:16
337,849,1,Nam eius soluta autem incidunt adipisci.,2020-06-09 08:16:00
982,850,1,Quisquam laborum numquam expedita aspernatur voluptas adipisci.,2015-05-17 15:40:53
42,851,3,Optio possimus fuga eius.,2017-09-29 07:00:54
301,852,2,Earum deleniti velit iste nam ratione non.,2023-10-27 23:31:11
270,853,2,Ratione atque nihil.,2015-01-16 21:58:00
491,854,2,Unde dignissimos ut autem.,2022-05-02 02:29:36
274,855,1,Alias ipsum in nobis.,2020-06-18 14:12:25
857,856,4,Ratione consequatur vero laborum.,2023-02-09 06:38:32
413,857,3,Veritatis in cum eos esse consequuntur neque delectus.,2017-12-13 21:34:04
311,858,4,Quo ad nihil mollitia dolores totam.,2022-10-18 16:37:20
870,859,5,Earum sint velit culpa.,2016-05-10 08:19:26
409,860,3,Minima maxime quo ipsam.,2018-12-14 05:00:16
240,861,5,Ea error magnam quam tempora sequi possimus.,2018-05-09 03:43:03
138,862,3,Minima in omnis earum dignissimos voluptatem saepe.,2023-11-09 21:49:57
1,863,4,Quasi aperiam iste ex doloribus.,2020-10-24 13:03:19
511,864,5,Accusantium reprehenderit iusto iusto rerum aut fugiat omnis.,2023-12-12 01:10:16
490,865,2,Repellat placeat maiores ratione pariatur.,2017-04-09 14:02:33
30,866,5,Omnis repudiandae similique nostrum dolore quis.,2022-11-24 16:35:10
652,867,2,Reprehenderit illo iste libero ipsum alias.,2024-08-04 18:18:59
628,868,3,Ad optio temporibus voluptatibus.,2017-06-26 09:04:01
209,869,5,Placeat modi quo modi sed.,2014-08-02 16:55:26
434,870,1,Natus aliquam atque.,2024-10-11 13:32:29
473,871,1,Accusantium consectetur minus natus nisi illo.,2015-01-03 08:45:17
137,872,1,Neque tenetur cumque.,2014-01-11 08:58:27
550,873,1,Eos rem ratione aspernatur doloribus eveniet animi.,2014-12-24 12:49:05
575,874,2,Nulla molestias labore.,2024-05-13 16:52:58
203,875,3,Consequuntur deserunt officia quae nulla id ipsam.,2022-10-05 03:10:58
78,876,5,Laborum veniam error cupiditate error labore laborum.,2021-06-16 04:21:33
590,877,3,Quos ea fuga sunt dolorum dolorem voluptatum.,2021-08-07 19:53:28
661,878,4,Nihil nobis quasi sit eveniet ipsam.,2015-06-25 22:19:30
809,879,3,Quaerat delectus facilis rem nisi distinctio vitae.,2021-12-04 19:34:15
378,880,4,Excepturi voluptatem minima.,2020-04-01 15:03:38
988,881,5,Nulla assumenda incidunt autem corporis.,2020-05-20 16:09:41
726,882,1,Dolorem quo rerum corrupti.,2015-05-11 07:55:14
570,883,5,Illum incidunt architecto dicta impedit neque.,2021-02-06 15:18:25
323,884,5,Explicabo consequatur voluptate consectetur sed dolor.,2018-09-09 23:46:33
33,885,1,Inventore nisi temporibus dignissimos.,2023-01-06 04:46:59
221,886,1,Consequatur voluptas dolore.,2014-01-31 03:55:36
361,887,1,Illum cum ducimus commodi quis exercitationem illo.,2014-06-01 04:12:51
460,888,3,Laborum cumque debitis ipsum ducimus.,2024-06-15 23:51:06
804,889,1,Culpa fuga voluptatem quos.,2016-07-07 19:46:25
102,890,4,Repudiandae quod mollitia eum delectus unde.,2014-01-01 00:46:20
880,891,2,Rem culpa eius doloribus.,2015-05-19 15:34:40
853,892,3,Eum vel sapiente.,2022-08-04 13:27:33
573,893,5,Rerum culpa iure voluptatibus totam nobis labore fugit.,2024-02-28 03:21:54
479,894,2,Rem esse officiis consectetur itaque aliquid sapiente architecto.,2019-08-11 16:02:49
630,895,5,Aperiam ipsa sequi maxime laboriosam officiis sit et.,2022-09-19 03:17:32
222,896,4,Sapiente aperiam nihil nemo culpa reiciendis.,2021-03-21 03:15:00
886,897,2,Quia in sapiente magnam temporibus exercitationem fuga.,2015-12-10 07:04:23
883,898,4,Quae exercitationem quidem iste eius alias.,2021-10-20 05:10:40
78,899,4,Numquam dolores fugit doloremque assumenda.,2017-04-20 06:00:03
219,900,4,Ratione fugiat sapiente provident ipsam.,2020-09-16 19:58:18
386,901,3,Neque iure dolorum possimus iusto ullam quidem.,2017-12-03 18:20:10
213,902,5,Blanditiis saepe quod nulla ratione laborum.,2018-09-03 08:12:58
697,903,1,Itaque vero iure occaecati veritatis.,2019-01-30 10:01:46
367,904,2,Ipsum distinctio quia.,2016-04-28 06:27:18
999,905,4,Quae in sequi facilis ea.,2020-11-12 02:34:12
565,906,4,Fuga consectetur sit odio.,2021-09-15 13:22:52
217,907,3,Dolores et itaque ipsam maxime dolorum.,2014-07-30 07:08:28
974,908,1,Id consequuntur quos esse veniam saepe perferendis.,2016-11-30 14:44:41
310,909,3,Itaque impedit repellendus perferendis.,2021-10-05 23:42:54
689,910,4,Inventore ipsa sint assumenda consequuntur.,2017-08-27 01:00:56
490,911,5,Necessitatibus eveniet saepe tenetur.,2018-03-22 19:08:55
107,912,1,At esse quaerat ut quos aliquam cum tempore.,2022-07-04 20:44:34
419,913,3,Doloribus nostrum maxime maxime facilis.,2019-03-22 14:58:53
245,914,2,Minus nobis voluptates aut ducimus.,2019-06-04 10:35:49
505,915,3,Dolorem odit voluptates quis id ex ex omnis.,2021-12-15 12:59:55
88,916,5,Qui dolorum quo molestiae.,2022-08-11 10:04:06
751,917,1,Voluptas beatae culpa optio.,2022-09-20 17:14:50
985,918,1,Possimus commodi modi voluptatum tempore est.,2019-03-15 10:50:58
943,919,4,Hic vitae ratione sint.,2022-01-27 01:40:51
139,920,3,Incidunt voluptates numquam mollitia sit.,2018-09-29 21:59:35
680,921,1,Sapiente dolores totam cumque earum aliquam amet in.,2021-06-15 15:58:46
108,922,2,Iure ratione aut in tempore corporis.,2015-03-02 15:49:05
222,923,2,Aut consequatur laboriosam fugit qui voluptate.,2021-10-01 10:25:48
341,924,5,Ducimus dolorem veritatis voluptate dolores repudiandae non.,2019-08-27 17:13:03
930,925,4,Officia eaque necessitatibus iusto ducimus.,2016-04-25 10:06:13
607,926,2,Perspiciatis deserunt veritatis numquam in laboriosam commodi.,2016-09-26 19:51:52
317,927,4,Voluptatum officia hic quam sed explicabo voluptas.,2020-05-23 22:21:21
824,928,4,Excepturi similique architecto ea ducimus sint.,2021-02-11 06:45:18
407,929,2,Maiores nisi optio similique magnam dolor.,2021-10-28 06:19:11
430,930,2,Rerum eius error error praesentium.,2024-02-04 21:44:22
673,931,1,Mollitia sunt dolores tenetur dolor minima consectetur.,2014-08-01 23:31:37
102,932,2,Maiores quis doloribus cupiditate iste eaque rerum.,2024-01-01 13:38:27
467,933,2,Quis provident modi molestias quae.,2018-02-09 23:37:38
520,934,1,Distinctio fuga illum laborum exercitationem suscipit tenetur.,2022-10-06 09:41:09
870,935,2,Ipsum cumque modi facilis.,2019-10-01 14:29:34
481,936,5,Quae minus magni fugit aliquid.,2020-09-16 11:43:09
531,937,2,Tenetur dicta odit molestiae explicabo molestiae quam veniam.,2024-07-15 03:03:17
466,938,2,Optio culpa omnis dicta.,2022-01-07 17:20:41
596,939,5,Ratione perferendis repudiandae odio laboriosam.,2022-12-21 11:56:23
139,940,3,Assumenda excepturi eum numquam quae ab modi reiciendis.,2019-03-20 15:40:01
996,941,5,Tempore odio consequuntur porro vel alias dolorem ratione.,2017-06-24 08:18:21
218,942,5,Accusamus inventore assumenda tempora minima.,2022-05-19 16:46:15
783,943,4,Occaecati harum sit voluptate sed culpa.,2020-11-19 01:24:50
356,944,4,Debitis quos quibusdam placeat tempore.,2014-11-23 14:28:07
62,945,4,Alias et neque accusantium quae.,2017-07-01 08:13:27
180,946,2,Cumque officiis incidunt porro distinctio vitae perferendis illum.,2022-12-20 02:00:20
908,947,1,Illum fuga voluptate explicabo molestiae.,2024-08-18 17:19:54
450,948,5,Aliquid quam atque minus consectetur neque libero.,2018-01-22 17:18:47
307,949,3,Quae quod dolore earum vitae officiis recusandae.,2019-11-22 19:22:43
638,950,4,Explicabo aut doloremque neque neque deleniti.,2016-04-28 21:50:03
888,951,1,Autem placeat itaque perspiciatis aspernatur dolore velit suscipit.,2019-04-01 05:54:45
15,952,5,Beatae cumque error aspernatur.,2015-03-29 00:48:05
801,953,1,Omnis molestias aliquid molestiae exercitationem.,2016-02-27 17:42:29
452,954,4,Ratione iure explicabo quaerat.,2018-11-11 07:08:27
893,955,3,Corporis ex ex.,2022-01-30 10:47:18
283,956,2,Quae quas placeat eum quas saepe reprehenderit.,2021-02-21 09:22:55
162,957,4,Enim porro quos exercitationem.,2021-10-31 15:56:47
846,958,2,Quae est iusto doloribus cum.,2021-08-02 09:45:35
258,959,1,Deleniti a autem fugit provident.,2020-02-24 19:03:19
608,960,4,Porro totam exercitationem.,2016-04-29 06:16:44
615,961,2,Quidem temporibus vero animi.,2023-02-10 18:33:11
707,962,2,Sunt id molestiae consequuntur in nostrum reiciendis.,2015-12-20 02:22:52
34,963,5,Veniam odit cumque voluptates distinctio.,2015-06-08 03:41:33
315,964,4,Id numquam minus eveniet repudiandae unde pariatur quas.,2021-01-22 01:13:43
278,965,1,Non error ipsa excepturi reprehenderit recusandae dolor earum.,2017-10-22 03:48:41
444,966,1,Blanditiis deleniti quae laudantium natus natus.,2020-03-23 17:53:10
556,967,2,Nisi ipsam facere earum.,2021-08-12 08:33:35
632,968,2,Autem doloremque porro aliquam.,2021-01-13 14:36:57
877,969,2,Molestias ut eaque.,2016-10-12 05:33:36
886,970,2,Sapiente corrupti quisquam quae neque.,2021-12-16 00:41:46
471,971,1,Temporibus quas quas explicabo quaerat autem.,2014-07-14 03:24:47
104,972,5,Deserunt occaecati possimus reprehenderit.,2023-11-20 10:12:49
92,973,3,Nihil incidunt dolor et corporis.,2020-03-10 10:29:15
961,974,5,Dolores laboriosam eius nam quas.,2015-12-10 08:24:46
404,975,4,Officiis possimus accusantium ea porro modi vitae mollitia.,2020-05-03 13:34:02
758,976,5,Quod perspiciatis quisquam.,2021-06-19 12:37:51
194,977,4,Unde excepturi voluptatum corrupti.,2023-09-07 09:51:40
255,978,4,Sit ex et perspiciatis incidunt accusamus.,2014-05-14 13:38:48
69,979,4,Illum optio optio illum molestias earum delectus ex.,2015-09-18 11:52:01
371,980,1,Incidunt voluptatum non voluptates sint.,2019-09-09 13:23:44
203,981,3,Molestias voluptatum nulla culpa illum recusandae voluptates.,2018-11-08 03:41:43
208,982,3,Accusantium quisquam consequatur quam eius.,2015-11-05 21:18:10
578,983,2,Accusantium architecto quis molestias earum voluptas eaque.,2020-01-23 03:27:05
520,984,1,Molestiae id reprehenderit temporibus omnis.,2017-03-18 00:47:48
617,985,4,Distinctio maxime quisquam laboriosam earum est reprehenderit.,2015-12-16 09:37:23
995,986,2,Laboriosam laborum ipsam.,2020-10-25 03:26:23
705,987,4,Dolor quaerat dolorem cupiditate.,2019-02-10 21:01:05
823,988,3,Nesciunt eaque voluptas aliquam.,2023-07-23 06:23:12
948,989,2,Excepturi doloremque voluptate nesciunt omnis optio quo.,2024-04-14 19:05:32
310,990,2,Quibusdam perferendis sunt.,2020-05-30 12:32:08
97,991,1,Dolor nemo neque.,2015-10-26 03:29:05
735,992,5,Ducimus distinctio eaque incidunt laudantium eos illo.,2021-01-07 12:54:46
774,993,5,Soluta mollitia nostrum cupiditate.,2016-10-18 03:03:19
782,994,5,Tenetur expedita in aperiam magni.,2019-09-12 09:18:53
740,995,4,Esse optio nulla.,2015-05-13 12:49:50
959,996,2,Doloribus necessitatibus porro nihil.,2021-05-03 12:10:46
226,997,4,Rem in maxime esse vitae harum illo.,2015-10-01 05:07:14
249,998,2,Excepturi vero animi cumque hic amet.,2017-07-15 21:38:32
437,999,1,Quidem esse quod illum fuga.,2020-04-15 11:23:32
312,1000,4,Sequi blanditiis vel alias.,2019-08-25 16:38:15
